,hazard-category,product-category,hazard,product
0,biological,"meat, egg and dairy products",listeria monocytogenes,ground beef
1,biological,"meat, egg and dairy products",listeria monocytogenes,ground beef
2,biological,"meat, egg and dairy products",listeria monocytogenes,ground beef
3,allergens,"nuts, nut products and seeds",peanuts and products thereof,peanuts
4,biological,"meat, egg and dairy products",listeria monocytogenes,ground beef
5,foreign bodies,cereals and bakery products,metal fragment,sandwiches
6,biological,"meat, egg and dairy products",milk and products thereof,milk
7,biological,"meat, egg and dairy products",listeria monocytogenes,cakes
8,biological,"meat, egg and dairy products",listeria monocytogenes,cheese
9,biological,seafood,listeria monocytogenes,salmon
10,foreign bodies,"meat, egg and dairy products",metal fragment,cakes
11,allergens,"meat, egg and dairy products",listeria monocytogenes,cakes
12,foreign bodies,"soups, broths, sauces and condiments",glass fragment,ready to eat - cook meals
13,allergens,"soups, broths, sauces and condiments",listeria monocytogenes,ready to eat - cook meals
14,allergens,cereals and bakery products,milk and products thereof,bread
15,chemical,fruits and vegetables,other,ice cream
16,allergens,prepared dishes and snacks,milk and products thereof,ready to eat - cook meals
17,biological,"meat, egg and dairy products",listeria monocytogenes,cheese
18,foreign bodies,"meat, egg and dairy products",glass fragment,ready to eat - cook meals
19,biological,non-alcoholic beverages,milk and products thereof,cakes
20,biological,"meat, egg and dairy products",escherichia coli,cheese
21,biological,"meat, egg and dairy products",listeria monocytogenes,ice cream
22,allergens,prepared dishes and snacks,milk and products thereof,noodles
23,allergens,"meat, egg and dairy products",milk and products thereof,cakes
24,allergens,"soups, broths, sauces and condiments",milk and products thereof,ready to eat - cook meals
25,foreign bodies,"soups, broths, sauces and condiments",glass fragment,ready to eat - cook meals
26,allergens,"meat, egg and dairy products",listeria monocytogenes,ice cream
27,biological,"meat, egg and dairy products",listeria monocytogenes,salmon
28,allergens,"meat, egg and dairy products",metal fragment,sausage
29,allergens,cereals and bakery products,peanuts and products thereof,muesli
30,allergens,ices and desserts,salmonella,ice cream
31,biological,"meat, egg and dairy products",listeria monocytogenes,chicken based products
32,allergens,cereals and bakery products,milk and products thereof,breakfast cereals
33,biological,non-alcoholic beverages,other,cakes
34,fraud,"meat, egg and dairy products",undeclared additive,cakes
35,fraud,"meat, egg and dairy products",undeclared additive,cakes
36,biological,cereals and bakery products,listeria monocytogenes,ready to eat - cook meals
37,foreign bodies,"meat, egg and dairy products",metal fragment,ice cream
38,biological,seafood,listeria monocytogenes,ready to eat - cook meals
39,allergens,"meat, egg and dairy products",listeria monocytogenes,sausage
40,biological,cereals and bakery products,milk and products thereof,ice cream
41,biological,"meat, egg and dairy products",salmonella,ice cream
42,biological,seafood,listeria monocytogenes,ready to eat - cook meals
43,fraud,"meat, egg and dairy products",listeria monocytogenes,ground beef
44,biological,"meat, egg and dairy products",salmonella,ready to eat - cook meals
45,biological,"meat, egg and dairy products",listeria monocytogenes,other not classified meat products
46,biological,"meat, egg and dairy products",listeria monocytogenes,cheese
47,allergens,"meat, egg and dairy products",listeria monocytogenes,ready to eat - cook meals
48,biological,ices and desserts,salmonella,ice cream
49,allergens,fruits and vegetables,listeria monocytogenes,biscuits
50,foreign bodies,fruits and vegetables,salmonella,ice cream
51,allergens,"meat, egg and dairy products",milk and products thereof,cakes
52,allergens,"meat, egg and dairy products",milk and products thereof,yoghurt
53,biological,cereals and bakery products,listeria monocytogenes,cakes
54,allergens,prepared dishes and snacks,milk and products thereof,potato chips
55,foreign bodies,"soups, broths, sauces and condiments",metal fragment,cakes
56,allergens,cereals and bakery products,peanuts and products thereof,cookies
57,biological,"meat, egg and dairy products",listeria monocytogenes,cheese
58,allergens,cereals and bakery products,cereals containing gluten and products thereof,crackers
59,foreign bodies,cereals and bakery products,salmonella,cakes
60,allergens,cereals and bakery products,milk and products thereof,biscuits
61,foreign bodies,"meat, egg and dairy products",plastic fragment,chicken based products
62,biological,"meat, egg and dairy products",listeria monocytogenes,ready to eat - cook meals
63,biological,ices and desserts,salmonella,ice cream
64,biological,ices and desserts,salmonella,ice cream
65,biological,ices and desserts,salmonella,ice cream
66,biological,"nuts, nut products and seeds",salmonella,ice cream
67,biological,"nuts, nut products and seeds",salmonella,peanuts
68,biological,"meat, egg and dairy products",salmonella,ice cream
69,biological,"soups, broths, sauces and condiments",listeria monocytogenes,soup
70,allergens,"soups, broths, sauces and condiments",peanuts and products thereof,ready to eat - cook meals
71,foreign bodies,"meat, egg and dairy products",plastic fragment,beef
72,allergens,ices and desserts,salmonella,ice cream
73,biological,"meat, egg and dairy products",escherichia coli,ground beef
74,biological,"meat, egg and dairy products",salmonella,eggs
75,biological,fruits and vegetables,salmonella,alfalfa sprouts
76,allergens,cereals and bakery products,milk and products thereof,cookies
77,biological,"meat, egg and dairy products",escherichia coli,cheese
78,biological,fruits and vegetables,salmonella,ice cream
79,allergens,confectionery,peanuts and products thereof,jellies
80,foreign bodies,cereals and bakery products,plastic fragment,chicken based products
81,biological,fruits and vegetables,listeria monocytogenes,salads
82,allergens,cereals and bakery products,milk and products thereof,milk
83,allergens,"meat, egg and dairy products",milk and products thereof,ice cream
84,biological,"meat, egg and dairy products",listeria monocytogenes,chicken based products
85,biological,prepared dishes and snacks,eggs and products thereof,sandwiches
86,allergens,"soups, broths, sauces and condiments",milk and products thereof,cakes
87,allergens,cereals and bakery products,peanuts and products thereof,ice cream
88,biological,"meat, egg and dairy products",escherichia coli,ground beef
89,biological,"meat, egg and dairy products",listeria monocytogenes,chicken based products
90,biological,"meat, egg and dairy products",salmonella,ice cream
91,allergens,"cocoa and cocoa preparations, coffee and tea",milk and products thereof,cakes
92,allergens,"meat, egg and dairy products",soybeans and products thereof,thermal processed pork meat
93,allergens,"meat, egg and dairy products",milk and products thereof,cakes
94,allergens,"meat, egg and dairy products",soybeans and products thereof,thermal processed pork meat
95,foreign bodies,"soups, broths, sauces and condiments",metal fragment,ice cream
96,foreign bodies,ices and desserts,plastic fragment,ice cream
97,biological,"meat, egg and dairy products",salmonella,ground beef
98,biological,"meat, egg and dairy products",listeria monocytogenes,cheese
99,allergens,"meat, egg and dairy products",soybeans and products thereof,chicken based products
100,biological,ices and desserts,salmonella,ice cream
101,biological,"meat, egg and dairy products",listeria monocytogenes,salads
102,biological,"meat, egg and dairy products",listeria monocytogenes,ham
103,biological,fruits and vegetables,salmonella,salads
104,fraud,"meat, egg and dairy products",listeria monocytogenes,ground beef
105,allergens,cereals and bakery products,salmonella,ice cream
106,foreign bodies,cereals and bakery products,metal fragment,cakes
107,foreign bodies,"meat, egg and dairy products",plastic fragment,ice cream
108,allergens,fruits and vegetables,sulphur dioxide and sulphites,dried apricots
109,allergens,"meat, egg and dairy products",cereals containing gluten and products thereof,chicken based products
110,biological,fruits and vegetables,listeria monocytogenes,ice cream
111,biological,"meat, egg and dairy products",escherichia coli,yoghurt
112,allergens,"meat, egg and dairy products",soybeans and products thereof,thermal processed pork meat
113,allergens,"meat, egg and dairy products",soybeans and products thereof,thermal processed pork meat
114,biological,"meat, egg and dairy products",salmonella,chicken based products
115,allergens,cereals and bakery products,milk and products thereof,cookies
116,biological,"dietetic foods, food supplements, fortified foods",salmonella,ice cream
117,biological,"nuts, nut products and seeds",salmonella,pistachio nuts
118,biological,"nuts, nut products and seeds",salmonella,pistachio nuts
119,biological,"meat, egg and dairy products",listeria monocytogenes,cheese
120,biological,"nuts, nut products and seeds",salmonella,peanuts
121,biological,"nuts, nut products and seeds",salmonella,peanuts
122,biological,"nuts, nut products and seeds",salmonella,peanuts
123,biological,cereals and bakery products,salmonella,cookies
124,biological,confectionery,salmonella,ice cream
125,allergens,cereals and bakery products,milk and products thereof,biscuits
126,allergens,"meat, egg and dairy products",soybeans and products thereof,thermal processed pork meat
127,biological,"dietetic foods, food supplements, fortified foods",salmonella,ice cream
128,fraud,"meat, egg and dairy products",inspection issues,other not classified meat products
129,allergens,ices and desserts,salmonella,ice cream
130,biological,"meat, egg and dairy products",milk and products thereof,ice cream
131,biological,"meat, egg and dairy products",salmonella,chicken based products
132,biological,"meat, egg and dairy products",listeria monocytogenes,chicken based products
133,allergens,"meat, egg and dairy products",soybeans and products thereof,chicken based products
134,allergens,herbs and spices,listeria monocytogenes,salmon
135,biological,seafood,listeria monocytogenes,salmon
136,allergens,"soups, broths, sauces and condiments",salmonella,cakes
137,biological,"meat, egg and dairy products",listeria monocytogenes,chicken based products
138,fraud,"meat, egg and dairy products",listeria monocytogenes,chicken based products
139,biological,ices and desserts,salmonella,ice cream
140,allergens,fruits and vegetables,milk and products thereof,cakes
141,fraud,"meat, egg and dairy products",listeria monocytogenes,ground beef
142,biological,"meat, egg and dairy products",listeria monocytogenes,chicken based products
143,allergens,"meat, egg and dairy products",milk and products thereof,ready to eat - cook meals
144,other hazard,"meat, egg and dairy products",listeria monocytogenes,chicken based products
145,allergens,prepared dishes and snacks,cereals containing gluten and products thereof,crackers
146,biological,"meat, egg and dairy products",listeria monocytogenes,ready to eat - cook meals
147,foreign bodies,cereals and bakery products,glass fragment,ready to eat - cook meals
148,biological,"nuts, nut products and seeds",peanuts and products thereof,peanuts
149,biological,"meat, egg and dairy products",escherichia coli,ground beef
150,allergens,"meat, egg and dairy products",soybeans and products thereof,ready to eat - cook meals
151,biological,"soups, broths, sauces and condiments",listeria monocytogenes,ice cream
152,allergens,"meat, egg and dairy products",soybeans and products thereof,beef products
153,allergens,"meat, egg and dairy products",soybeans and products thereof,pork sausage
154,fraud,"meat, egg and dairy products",inspection issues,beef products
155,allergens,"meat, egg and dairy products",soybeans and products thereof,chicken based products
156,allergens,cereals and bakery products,peanuts and products thereof,cakes
157,allergens,"nuts, nut products and seeds",peanuts and products thereof,peanuts
158,allergens,cereals and bakery products,milk and products thereof,cakes
159,allergens,fruits and vegetables,milk and products thereof,ready to eat - cook meals
160,allergens,cereals and bakery products,milk and products thereof,ice cream
161,biological,"meat, egg and dairy products",listeria monocytogenes,chicken based products
162,allergens,ices and desserts,listeria monocytogenes,ice cream
163,biological,fruits and vegetables,salmonella,chicken based products
164,biological,"meat, egg and dairy products",listeria monocytogenes,dried beef meat
165,fraud,"meat, egg and dairy products",listeria monocytogenes,ground beef
166,allergens,cereals and bakery products,milk and products thereof,cakes
167,allergens,cereals and bakery products,milk and products thereof,cakes
168,biological,seafood,listeria monocytogenes,salmon
169,biological,fruits and vegetables,listeria monocytogenes,ice cream
170,foreign bodies,"soups, broths, sauces and condiments",plastic fragment,soup
171,allergens,cereals and bakery products,cereals containing gluten and products thereof,cakes
172,biological,"meat, egg and dairy products",salmonella,thermal processed pork meat
173,biological,"meat, egg and dairy products",escherichia coli,cheese
174,allergens,non-alcoholic beverages,milk and products thereof,coconut juice
175,fraud,"meat, egg and dairy products",inspection issues,ready to eat - cook meals
176,allergens,non-alcoholic beverages,milk and products thereof,coconut juice
177,biological,"meat, egg and dairy products",milk and products thereof,chicken based products
178,allergens,fruits and vegetables,milk and products thereof,coconuts
179,biological,"meat, egg and dairy products",listeria monocytogenes,chicken based products
180,allergens,"meat, egg and dairy products",milk and products thereof,cakes
181,biological,seafood,salmonella,salmon
182,biological,"meat, egg and dairy products",escherichia coli,cheese
183,allergens,"meat, egg and dairy products",milk and products thereof,milk
184,allergens,"meat, egg and dairy products",milk and products thereof,chicken based products
185,foreign bodies,prepared dishes and snacks,plastic fragment,chicken based products
186,fraud,"meat, egg and dairy products",inspection issues,Catfishes (freshwater)
187,allergens,cereals and bakery products,peanuts and products thereof,cookies
188,allergens,prepared dishes and snacks,milk and products thereof,potato chips
189,biological,"nuts, nut products and seeds",salmonella,pistachio nuts
190,allergens,fruits and vegetables,milk and products thereof,yoghurt
191,biological,fruits and vegetables,listeria monocytogenes,ice cream
192,biological,"nuts, nut products and seeds",salmonella,ice cream
193,biological,"meat, egg and dairy products",listeria monocytogenes,chicken based products
194,allergens,"nuts, nut products and seeds",milk and products thereof,cookies
195,allergens,"meat, egg and dairy products",milk and products thereof,chicken based products
196,allergens,fruits and vegetables,sulphur dioxide and sulphites,dried apricots
197,allergens,cereals and bakery products,milk and products thereof,potato chips
198,biological,fruits and vegetables,listeria monocytogenes,salads
199,allergens,cereals and bakery products,milk and products thereof,ice cream
200,allergens,cereals and bakery products,milk and products thereof,cakes
201,allergens,cereals and bakery products,milk and products thereof,cookies
202,foreign bodies,"meat, egg and dairy products",plastic fragment,chicken based products
203,allergens,cereals and bakery products,peanuts and products thereof,cookies
204,allergens,"meat, egg and dairy products",plastic fragment,chicken based products
205,allergens,prepared dishes and snacks,milk and products thereof,cookies
206,biological,"meat, egg and dairy products",listeria monocytogenes,sunflower seed
207,biological,"nuts, nut products and seeds",listeria monocytogenes,sunflower seed
208,biological,"nuts, nut products and seeds",listeria monocytogenes,sunflower seed
209,biological,fruits and vegetables,listeria monocytogenes,ready to eat - cook meals
210,biological,"dietetic foods, food supplements, fortified foods",listeria monocytogenes,ice cream
211,allergens,cereals and bakery products,peanuts and products thereof,peanuts
212,biological,"cocoa and cocoa preparations, coffee and tea",listeria monocytogenes,dark chocolates
213,biological,fruits and vegetables,listeria monocytogenes,salads
214,biological,"nuts, nut products and seeds",salmonella,macadamia nuts
215,allergens,"meat, egg and dairy products",milk and products thereof,cakes
216,biological,"meat, egg and dairy products",listeria monocytogenes,chicken based products
217,biological,"meat, egg and dairy products",escherichia coli,chicken based products
218,allergens,cereals and bakery products,milk and products thereof,cheese
219,fraud,seafood,inspection issues,Catfishes (freshwater)
220,allergens,"cocoa and cocoa preparations, coffee and tea",milk and products thereof,dark chocolates
221,biological,"meat, egg and dairy products",listeria monocytogenes,chicken based products
222,allergens,cereals and bakery products,cereals containing gluten and products thereof,cakes
223,allergens,prepared dishes and snacks,soybeans and products thereof,ready to eat - cook meals
224,foreign bodies,"meat, egg and dairy products",plastic fragment,ice cream
225,foreign bodies,"meat, egg and dairy products",plastic fragment,ground beef
226,fraud,"meat, egg and dairy products",inspection issues,other not classified meat products
227,biological,"nuts, nut products and seeds",salmonella,ice cream
228,biological,"nuts, nut products and seeds",salmonella,sesame seeds
229,biological,"nuts, nut products and seeds",salmonella,sesame seeds
230,allergens,ices and desserts,milk and products thereof,ice cream
231,biological,seafood,listeria monocytogenes,salmon
232,foreign bodies,"meat, egg and dairy products",plastic fragment,chicken based products
233,allergens,prepared dishes and snacks,eggs and products thereof,soup
234,other hazard,"meat, egg and dairy products",listeria monocytogenes,chicken based products
235,allergens,"nuts, nut products and seeds",salmonella,peanuts
236,biological,fruits and vegetables,listeria monocytogenes,ice cream
237,biological,fruits and vegetables,salmonella,alfalfa sprouts
238,allergens,cereals and bakery products,milk and products thereof,cookies
239,allergens,cereals and bakery products,milk and products thereof,cakes
240,biological,cereals and bakery products,salmonella,ice cream
241,allergens,prepared dishes and snacks,milk and products thereof,ice cream
242,biological,"soups, broths, sauces and condiments",spoilage,ice cream
243,biological,cereals and bakery products,salmonella,ice cream
244,biological,confectionery,salmonella,ice cream
245,allergens,"meat, egg and dairy products",milk and products thereof,chicken based products
246,allergens,"nuts, nut products and seeds",milk and products thereof,cookies
247,allergens,prepared dishes and snacks,milk and products thereof,salads
248,biological,"meat, egg and dairy products",listeria monocytogenes,cheese
249,biological,"meat, egg and dairy products",escherichia coli,cheese
250,foreign bodies,"meat, egg and dairy products",metal fragment,ice cream
251,biological,"meat, egg and dairy products",listeria monocytogenes,cheese
252,allergens,"meat, egg and dairy products",milk and products thereof,thermal processed pork meat
253,biological,fruits and vegetables,listeria monocytogenes,salads
254,biological,"meat, egg and dairy products",listeria monocytogenes,chicken based products
255,foreign bodies,"meat, egg and dairy products",plastic fragment,chicken based products
256,biological,prepared dishes and snacks,listeria monocytogenes,chicken based products
257,biological,seafood,listeria monocytogenes,Fishes not identified
258,allergens,"soups, broths, sauces and condiments",peanuts and products thereof,cakes
259,biological,fruits and vegetables,listeria monocytogenes,salads
260,biological,"meat, egg and dairy products",escherichia coli,ground beef
261,biological,"meat, egg and dairy products",escherichia coli,ground beef
262,biological,"meat, egg and dairy products",listeria monocytogenes,chicken based products
263,biological,herbs and spices,salmonella,ice cream
264,biological,"meat, egg and dairy products",escherichia coli,ground beef
265,biological,"meat, egg and dairy products",escherichia coli,ground beef
266,biological,"meat, egg and dairy products",listeria monocytogenes,chicken based products
267,biological,cereals and bakery products,escherichia coli,flour
268,allergens,prepared dishes and snacks,milk and products thereof,sandwiches
269,foreign bodies,"meat, egg and dairy products",plastic fragment,ready to eat - cook meals
270,allergens,cereals and bakery products,milk and products thereof,cookies
271,allergens,prepared dishes and snacks,sulphur dioxide and sulphites,sandwiches
272,allergens,fruits and vegetables,cereals containing gluten and products thereof,cakes
273,foreign bodies,prepared dishes and snacks,plastic fragment,salads
274,allergens,"meat, egg and dairy products",milk and products thereof,yoghurt
275,biological,cereals and bakery products,norovirus,cakes
276,fraud,"meat, egg and dairy products",inspection issues,Catfishes (freshwater)
277,allergens,"soups, broths, sauces and condiments",milk and products thereof,ready to eat - cook meals
278,allergens,"meat, egg and dairy products",soybeans and products thereof,chicken based products
279,biological,fruits and vegetables,listeria monocytogenes,ready to eat - cook meals
280,allergens,"cocoa and cocoa preparations, coffee and tea",peanuts and products thereof,cakes
281,allergens,cereals and bakery products,cereals containing gluten and products thereof,cookies
282,allergens,"meat, egg and dairy products",milk and products thereof,beer
283,allergens,"soups, broths, sauces and condiments",mustard and products thereof,soup
284,allergens,"meat, egg and dairy products",listeria monocytogenes,ready to eat - cook meals
285,biological,seafood,clostridium botulinum,soup
286,allergens,cereals and bakery products,peanuts and products thereof,cakes
287,allergens,"meat, egg and dairy products",cereals containing gluten and products thereof,chicken based products
288,allergens,"meat, egg and dairy products",milk and products thereof,dark chocolates
289,biological,fruits and vegetables,listeria monocytogenes,salads
290,biological,seafood,clostridium botulinum,salmon
291,allergens,cereals and bakery products,milk and products thereof,biscuits
292,allergens,"meat, egg and dairy products",soybeans and products thereof,thermal processed pork meat
293,fraud,"meat, egg and dairy products",inspection issues,chicken based products
294,allergens,"meat, egg and dairy products",milk and products thereof,chicken based products
295,foreign bodies,"meat, egg and dairy products",plastic fragment,chicken based products
296,allergens,non-alcoholic beverages,milk and products thereof,coconuts
297,allergens,cereals and bakery products,milk and products thereof,cookies
298,biological,"nuts, nut products and seeds",salmonella,pistachio nuts
299,fraud,"meat, egg and dairy products",listeria monocytogenes,chicken based products
300,allergens,prepared dishes and snacks,peanuts and products thereof,salads
301,biological,fruits and vegetables,salmonella,chicken based products
302,allergens,cereals and bakery products,cereals containing gluten and products thereof,ready to eat - cook meals
303,biological,fruits and vegetables,listeria monocytogenes,salads
304,foreign bodies,cereals and bakery products,insects,corn
305,allergens,herbs and spices,mustard and products thereof,ice cream
306,biological,"meat, egg and dairy products",listeria monocytogenes,cheese
307,biological,"meat, egg and dairy products",salmonella,ice cream
308,biological,"meat, egg and dairy products",salmonella,chicken based products
309,biological,fruits and vegetables,listeria monocytogenes,ready to eat - cook meals
310,biological,"meat, egg and dairy products",salmonella,ice cream
311,allergens,"cocoa and cocoa preparations, coffee and tea",milk and products thereof,cakes
312,biological,fruits and vegetables,salmonella,chicken based products
313,allergens,ices and desserts,peanuts and products thereof,ice cream
314,allergens,cereals and bakery products,milk and products thereof,cakes
315,biological,"meat, egg and dairy products",escherichia coli,salads
316,biological,"meat, egg and dairy products",listeria monocytogenes,salads
317,allergens,cereals and bakery products,cereals containing gluten and products thereof,cakes
318,biological,"meat, egg and dairy products",salmonella,chicken based products
319,foreign bodies,"meat, egg and dairy products",plastic fragment,ice cream
320,allergens,prepared dishes and snacks,milk and products thereof,potato chips
321,packaging defect,non-alcoholic beverages,glass fragment,cakes
322,foreign bodies,"meat, egg and dairy products",plastic fragment,chicken based products
323,foreign bodies,cereals and bakery products,plastic fragment,chocolate bars
324,fraud,"meat, egg and dairy products",inspection issues,other not classified meat products
325,chemical,"meat, egg and dairy products",other,cakes
326,biological,fruits and vegetables,salmonella,ice cream
327,fraud,"meat, egg and dairy products",listeria monocytogenes,ground beef
328,allergens,cereals and bakery products,listeria monocytogenes,ice cream
329,allergens,"meat, egg and dairy products",milk and products thereof,ready to eat - cook meals
330,fraud,"meat, egg and dairy products",inspection issues,chicken based products
331,allergens,"meat, egg and dairy products",milk and products thereof,cakes
332,allergens,prepared dishes and snacks,milk and products thereof,chicken based products
333,biological,fruits and vegetables,listeria monocytogenes,chicken based products
334,biological,"meat, egg and dairy products",salmonella,chicken based products
335,biological,fruits and vegetables,salmonella,ice cream
336,allergens,cereals and bakery products,peanuts and products thereof,cookies
337,biological,"meat, egg and dairy products",listeria monocytogenes,chicken based products
338,allergens,cereals and bakery products,milk and products thereof,milk
339,biological,seafood,listeria monocytogenes,Fishes not identified
340,allergens,prepared dishes and snacks,eggs and products thereof,Fishes not identified
341,fraud,"meat, egg and dairy products",inspection issues,beef products
342,biological,"meat, egg and dairy products",salmonella,cakes
343,allergens,non-alcoholic beverages,milk and products thereof,ice cream
344,allergens,fruits and vegetables,milk and products thereof,coconuts
345,organoleptic aspects,"meat, egg and dairy products",spoilage,cakes
346,allergens,cereals and bakery products,milk and products thereof,pistachio nuts
347,allergens,fruits and vegetables,sulphur dioxide and sulphites,cakes
348,biological,"meat, egg and dairy products",salmonella,chicken based products
349,allergens,"meat, egg and dairy products",milk and products thereof,chicken based products
350,allergens,cereals and bakery products,peanuts and products thereof,cookies
351,allergens,cereals and bakery products,soybeans and products thereof,ready to eat - cook meals
352,foreign bodies,cereals and bakery products,plastic fragment,ice cream
353,biological,"meat, egg and dairy products",salmonella,raw beef meat
354,allergens,"meat, egg and dairy products",milk and products thereof,chicken based products
355,allergens,cereals and bakery products,milk and products thereof,cakes
356,foreign bodies,"meat, egg and dairy products",plastic fragment,chicken based products
357,allergens,"meat, egg and dairy products",milk and products thereof,ice cream
358,biological,"meat, egg and dairy products",spoilage,chicken based products
359,allergens,cereals and bakery products,salmonella,ice cream
360,foreign bodies,fruits and vegetables,insects,salads
361,allergens,"meat, egg and dairy products",milk and products thereof,chicken based products
362,allergens,"meat, egg and dairy products",milk and products thereof,chicken based products
363,biological,"meat, egg and dairy products",listeria monocytogenes,cheese
364,allergens,"soups, broths, sauces and condiments",milk and products thereof,cakes
365,allergens,cereals and bakery products,milk and products thereof,cakes
366,fraud,seafood,inspection issues,Catfishes (freshwater)
367,biological,"meat, egg and dairy products",listeria monocytogenes,chicken based products
368,allergens,cereals and bakery products,milk and products thereof,flour
369,biological,"meat, egg and dairy products",salmonella,turkey and turkey preparations
370,allergens,prepared dishes and snacks,milk and products thereof,ready to eat - cook meals
371,foreign bodies,cereals and bakery products,glass fragment,cakes
372,biological,fruits and vegetables,listeria monocytogenes,ice cream
373,allergens,cereals and bakery products,eggs and products thereof,cakes
374,biological,"nuts, nut products and seeds",salmonella,peanuts
375,biological,"meat, egg and dairy products",listeria monocytogenes,salads
376,allergens,"cocoa and cocoa preparations, coffee and tea",milk and products thereof,ice cream
377,biological,fruits and vegetables,escherichia coli,cheese
378,allergens,"meat, egg and dairy products",milk and products thereof,chicken based products
379,allergens,seafood,eggs and products thereof,Fishes not identified
380,biological,seafood,salmonella,salmon
381,foreign bodies,"meat, egg and dairy products",plastic fragment,chicken based products
382,allergens,"meat, egg and dairy products",milk and products thereof,ice cream
383,allergens,"meat, egg and dairy products",salmonella,sausage
384,allergens,cereals and bakery products,milk and products thereof,ready to eat - cook meals
385,allergens,cereals and bakery products,eggs and products thereof,cakes
386,foreign bodies,"meat, egg and dairy products",plastic fragment,chicken based products
387,biological,"meat, egg and dairy products",escherichia coli,milk
388,allergens,non-alcoholic beverages,other,ice cream
389,allergens,prepared dishes and snacks,cereals containing gluten and products thereof,cakes
390,biological,fruits and vegetables,listeria monocytogenes,ice cream
391,allergens,cereals and bakery products,milk and products thereof,cookies
392,allergens,"meat, egg and dairy products",milk and products thereof,cakes
393,allergens,fruits and vegetables,sulphur dioxide and sulphites,cookies
394,foreign bodies,"meat, egg and dairy products",plastic fragment,chicken based products
395,allergens,fruits and vegetables,sulphur dioxide and sulphites,cookies
396,allergens,cereals and bakery products,milk and products thereof,cookies
397,allergens,cereals and bakery products,milk and products thereof,cakes
398,foreign bodies,"meat, egg and dairy products",plastic fragment,chicken based products
399,biological,"meat, egg and dairy products",salmonella,chicken based products
400,allergens,"meat, egg and dairy products",milk and products thereof,chicken based products
401,allergens,cereals and bakery products,milk and products thereof,corn
402,biological,cereals and bakery products,escherichia coli,flour
403,allergens,"meat, egg and dairy products",milk and products thereof,chicken based products
404,fraud,cereals and bakery products,incorrect labeling,cookies
405,biological,"meat, egg and dairy products",listeria monocytogenes,chicken based products
406,biological,"meat, egg and dairy products",listeria monocytogenes,chicken based products
407,biological,"soups, broths, sauces and condiments",milk and products thereof,cookies
408,biological,"meat, egg and dairy products",listeria monocytogenes,precooked cooked beef meat products
409,allergens,"cocoa and cocoa preparations, coffee and tea",milk and products thereof,dark chocolates
410,biological,non-alcoholic beverages,other,chicken based products
411,allergens,prepared dishes and snacks,milk and products thereof,ready to eat - cook meals
412,biological,"meat, egg and dairy products",listeria monocytogenes,chicken based products
413,biological,"meat, egg and dairy products",listeria monocytogenes,cheese
414,biological,"meat, egg and dairy products",listeria monocytogenes,salads
415,allergens,prepared dishes and snacks,mustard and products thereof,ice cream
416,allergens,cereals and bakery products,milk and products thereof,cakes
417,biological,fruits and vegetables,salmonella,ice cream
418,allergens,"meat, egg and dairy products",milk and products thereof,Fishes not identified
419,biological,"nuts, nut products and seeds",salmonella,tahini
420,biological,prepared dishes and snacks,listeria monocytogenes,sandwiches
421,allergens,"meat, egg and dairy products",milk and products thereof,chicken based products
422,biological,"meat, egg and dairy products",escherichia coli,ground beef
423,biological,cereals and bakery products,listeria monocytogenes,ice cream
424,foreign bodies,"meat, egg and dairy products",plastic fragment,ice cream
425,foreign bodies,"meat, egg and dairy products",plastic fragment,ground beef
426,allergens,cereals and bakery products,milk and products thereof,ice cream
427,allergens,cereals and bakery products,peanuts and products thereof,peanuts
428,biological,seafood,norovirus,oysters
429,allergens,cereals and bakery products,milk and products thereof,cakes
430,allergens,prepared dishes and snacks,milk and products thereof,spring rolls
431,fraud,"meat, egg and dairy products",milk and products thereof,ready to eat - cook meals
432,allergens,seafood,eggs and products thereof,Fishes not identified
433,allergens,prepared dishes and snacks,milk and products thereof,spring rolls
434,allergens,prepared dishes and snacks,milk and products thereof,spring rolls
435,allergens,"nuts, nut products and seeds",milk and products thereof,cakes
436,allergens,"meat, egg and dairy products",milk and products thereof,yoghurt
437,biological,cereals and bakery products,salmonella,cakes
438,biological,seafood,listeria monocytogenes,salmon
439,allergens,fruits and vegetables,sulphur dioxide and sulphites,dried apricots
440,allergens,cereals and bakery products,eggs and products thereof,cakes
441,biological,fruits and vegetables,listeria monocytogenes,fresh mushrooms
442,chemical,non-alcoholic beverages,milk and products thereof,ice cream
443,allergens,"meat, egg and dairy products",milk and products thereof,sausage
444,allergens,seafood,milk and products thereof,Fishes not identified
445,biological,cereals and bakery products,milk and products thereof,cakes
446,allergens,cereals and bakery products,milk and products thereof,cakes
447,fraud,"meat, egg and dairy products",inspection issues,other not classified meat products
448,allergens,seafood,milk and products thereof,Fishes not identified
449,allergens,ices and desserts,milk and products thereof,ice cream
450,biological,herbs and spices,salmonella,ice cream
451,biological,fruits and vegetables,listeria monocytogenes,salads
452,allergens,"cocoa and cocoa preparations, coffee and tea",milk and products thereof,cakes
453,allergens,seafood,listeria monocytogenes,ready to eat - cook meals
454,biological,prepared dishes and snacks,listeria monocytogenes,sandwiches
455,biological,fruits and vegetables,salmonella,onions
456,biological,fruits and vegetables,salmonella,chicken based products
457,allergens,seafood,milk and products thereof,ready to eat - cook meals
458,biological,"meat, egg and dairy products",listeria monocytogenes,chicken based products
459,allergens,cereals and bakery products,milk and products thereof,cakes
460,allergens,fruits and vegetables,milk and products thereof,cakes
461,biological,"meat, egg and dairy products",escherichia coli,ground beef
462,foreign bodies,"meat, egg and dairy products",plastic fragment,ice cream
463,allergens,"cocoa and cocoa preparations, coffee and tea",milk and products thereof,dark chocolates
464,allergens,cereals and bakery products,eggs and products thereof,cookies
465,biological,"meat, egg and dairy products",listeria monocytogenes,cheese
466,biological,cereals and bakery products,listeria monocytogenes,ice cream
467,chemical,cereals and bakery products,unauthorised substance ethylene oxide,sesame seeds
468,foreign bodies,cereals and bakery products,plastic fragment,baby food
469,biological,"meat, egg and dairy products",salmonella,ice cream
470,biological,fruits and vegetables,salmonella,salmon
471,chemical,cereals and bakery products,unauthorised substance ethylene oxide,cookies
472,biological,fruits and vegetables,listeria monocytogenes,ice cream
473,allergens,cereals and bakery products,milk and products thereof,cookies
474,allergens,"meat, egg and dairy products",milk and products thereof,salads
475,allergens,cereals and bakery products,cereals containing gluten and products thereof,cakes
476,biological,"meat, egg and dairy products",salmonella,chicken based products
477,chemical,"nuts, nut products and seeds",unauthorised substance ethylene oxide,tahini
478,foreign bodies,"meat, egg and dairy products",plastic fragment,chicken based products
479,allergens,prepared dishes and snacks,milk and products thereof,ice cream
480,allergens,fruits and vegetables,milk and products thereof,salads
481,allergens,"meat, egg and dairy products",milk and products thereof,chicken based products
482,foreign bodies,"meat, egg and dairy products",metal fragment,ice cream
483,biological,fruits and vegetables,clostridium botulinum,fresh mushrooms
484,allergens,prepared dishes and snacks,soybeans and products thereof,ready to eat - cook meals
485,allergens,prepared dishes and snacks,milk and products thereof,ice cream
486,allergens,cereals and bakery products,milk and products thereof,cakes
487,foreign bodies,cereals and bakery products,glass fragment,ice cream
488,allergens,cereals and bakery products,milk and products thereof,cookies
489,allergens,"meat, egg and dairy products",peanuts and products thereof,ice cream
490,biological,"meat, egg and dairy products",listeria monocytogenes,salmon
491,allergens,"cocoa and cocoa preparations, coffee and tea",salmonella,ice cream
492,biological,fruits and vegetables,listeria monocytogenes,ice cream
493,allergens,fruits and vegetables,milk and products thereof,ice cream
494,allergens,prepared dishes and snacks,milk and products thereof,chicken based products
495,allergens,"nuts, nut products and seeds",peanuts and products thereof,peanuts
496,allergens,cereals and bakery products,milk and products thereof,cookies
497,allergens,cereals and bakery products,milk and products thereof,cookies
498,allergens,"meat, egg and dairy products",milk and products thereof,cakes
499,allergens,"meat, egg and dairy products",milk and products thereof,cakes
500,allergens,cereals and bakery products,milk and products thereof,bread
501,biological,"meat, egg and dairy products",listeria monocytogenes,ice cream
502,foreign bodies,cereals and bakery products,glass fragment,cakes
503,biological,fruits and vegetables,salmonella,ice cream
504,allergens,fruits and vegetables,soybeans and products thereof,ready to eat - cook meals
505,allergens,cereals and bakery products,milk and products thereof,cakes
506,biological,fruits and vegetables,escherichia coli,oysters
507,allergens,cereals and bakery products,milk and products thereof,ready to eat - cook meals
508,allergens,ices and desserts,milk and products thereof,desserts
509,biological,fruits and vegetables,listeria monocytogenes,ice cream
510,allergens,fruits and vegetables,sulphur dioxide and sulphites,dried apricots
511,chemical,"dietetic foods, food supplements, fortified foods",milk and products thereof,food supplement
512,biological,herbs and spices,salmonella,ice cream
513,allergens,"cocoa and cocoa preparations, coffee and tea",peanuts and products thereof,dark chocolates
514,chemical,"meat, egg and dairy products",unauthorised substance ethylene oxide,ice cream
515,allergens,prepared dishes and snacks,milk and products thereof,potato chips
516,fraud,seafood,sulphur dioxide,ready to eat - cook meals
517,foreign bodies,"meat, egg and dairy products",plastic fragment,chicken based products
518,biological,"meat, egg and dairy products",salmonella,chicken based products
519,allergens,cereals and bakery products,milk and products thereof,cakes
520,biological,fruits and vegetables,listeria monocytogenes,salads
521,biological,"meat, egg and dairy products",listeria monocytogenes,salmon
522,chemical,cereals and bakery products,other,pet feed
523,biological,seafood,listeria monocytogenes,salmon
524,fraud,fruits and vegetables,sulphur dioxide,ready to eat - cook meals
525,biological,"meat, egg and dairy products",listeria monocytogenes,ready to eat - cook meals
526,biological,fruits and vegetables,listeria monocytogenes,ice cream
527,allergens,cereals and bakery products,milk and products thereof,ice cream
528,biological,fruits and vegetables,listeria monocytogenes,salads
529,allergens,"cocoa and cocoa preparations, coffee and tea",milk and products thereof,dark chocolates
530,allergens,"soups, broths, sauces and condiments",milk and products thereof,ready to eat - cook meals
531,biological,"nuts, nut products and seeds",salmonella,tahini
532,allergens,"meat, egg and dairy products",peanuts and products thereof,ice cream
533,allergens,fruits and vegetables,milk and products thereof,cookies
534,biological,"meat, egg and dairy products",salmonella,chicken based products
535,allergens,"soups, broths, sauces and condiments",milk and products thereof,Fishes not identified
536,fraud,"meat, egg and dairy products",salmonella,chicken based products
537,biological,fruits and vegetables,listeria monocytogenes,fresh mushrooms
538,foreign bodies,prepared dishes and snacks,plastic fragment,ice cream
539,allergens,"meat, egg and dairy products",milk and products thereof,ready to eat - cook meals
540,chemical,other food product / mixed,too high content of tetrahydrocannabinol (THC),cbd products
541,chemical,fruits and vegetables,listeria monocytogenes,ice cream
542,chemical,"meat, egg and dairy products",other,cakes
543,allergens,"cocoa and cocoa preparations, coffee and tea",peanuts and products thereof,dark chocolates
544,biological,"meat, egg and dairy products",salmonella,salmon
545,foreign bodies,fruits and vegetables,glass fragment,ready to eat - cook meals
546,biological,cereals and bakery products,listeria monocytogenes,ready to eat - cook meals
547,biological,cereals and bakery products,salmonella,cakes
548,allergens,fruits and vegetables,sulphur dioxide and sulphites,cakes
549,allergens,"meat, egg and dairy products",milk and products thereof,sausage
550,allergens,"meat, egg and dairy products",milk and products thereof,cakes
551,biological,"cocoa and cocoa preparations, coffee and tea",salmonella,chocolate products
552,biological,"cocoa and cocoa preparations, coffee and tea",salmonella,chocolate products
553,biological,"nuts, nut products and seeds",salmonella,oysters
554,allergens,cereals and bakery products,peanuts and products thereof,cookies
555,allergens,cereals and bakery products,cereals containing gluten and products thereof,cakes
556,biological,"nuts, nut products and seeds",salmonella,peanuts
557,biological,"dietetic foods, food supplements, fortified foods",salmonella,dietary supplement
558,biological,"dietetic foods, food supplements, fortified foods",salmonella,ice cream
559,chemical,ices and desserts,unauthorised substance ethylene oxide,ice cream
560,allergens,fruits and vegetables,milk and products thereof,salads
561,allergens,"dietetic foods, food supplements, fortified foods",milk and products thereof,cakes
562,foreign bodies,cereals and bakery products,plastic fragment,cookies
563,allergens,cereals and bakery products,peanuts and products thereof,biscuits
564,allergens,"cocoa and cocoa preparations, coffee and tea",almond,dark chocolates
